Pokemon Name,Entropy,Average Pokemon Remaining
Simipour,4.827461417930602,41.59481604073754
Basculin,4.812236093755213,42.03610683962288
Maractus,4.791428917206907,42.64676287885448
Alomomola,4.790245724704728,42.68175296742173
Stoutland,4.761371049101752,43.54460860919788
Beheeyem,4.75548274461072,43.722697443725124
Dewott,4.748453452632572,43.93624884978862
Lumineon,4.74617777028577,44.00560782157566
Watchog,4.722361849281671,44.738078848468206
Reuniclus,4.716213430742488,44.929148614992826
Musharna,4.711733221462623,45.06889045729301
Lilligant,4.710949953509417,45.09336590160329
Buizel,4.694236091434774,45.61881789529406
Simisage,4.688874040190178,45.78868440671145
Audino,4.6848997109851185,45.914996751809525
Furfrou,4.681689547089092,46.01727669836132
Munna,4.679246944603404,46.095253760643814
Darumaka,4.677520176334661,46.15045841068232
Ambipom,4.676234689111017,46.191598264512464
Simisear,4.6685702312637325,46.4376486314827
Purugly,4.66127559627918,46.67304386353997
Trubbish,4.657014597444966,46.811096435976324
Servine,4.65140346692916,46.99351518712562
Floatzel,4.64187855684152,47.30480055613476
Leafeon,4.641758244812758,47.3087456544971
Klang,4.63296208954364,47.59806961884458
Panpour,4.63147324225304,47.647215719862
Mega Alakazam,4.629182215117046,47.72294051400982
Eelektrik,4.624121792105489,47.890628276820394
Quilladin,4.623200099527536,47.92123387145939
Prinplup,4.615319144264573,48.183727675624354
Fraxure,4.607069070551619,48.460056403169595
Herdier,4.606492217055205,48.47943675842171
Carnivine,4.605522597236314,48.5120302180366
Lopunny,4.605422454570925,48.51539772987081
Loudred,4.593664479491068,48.91241422042541
Gothorita,4.58688758690023,49.14271509435477
Gurdurr,4.583777588068359,49.24876566743694
Porygon-Z,4.582139435515524,49.3047184570728
Gothitelle,4.5757004179575596,49.525266436227994
Happiny,4.573299432661847,49.607756799550394
Skiddo,4.55795342433579,50.138253065856134
Tsareena,4.557434356380412,50.15629557805139
Klinklang,4.557287196851322,50.1614119422749
Kecleon,4.5530177011873345,50.31007894030621
Mega Mewtwo Y,4.552275647596623,50.33596270396719
Munchlax,4.55066327955119,50.39225004467381
Samurott,4.548225809834192,50.47746098688542
Clawitzer,4.540504425751996,50.748343407247965
Duosion,4.5397118633939515,50.77623029644833
Grotle,4.536088059601215,50.90393183870676
Blitzle,4.529817850764085,51.125650831893616
Accelgor,4.525433701508334,51.28125086642438
Pansage,4.519518884486146,51.491927300091376
Spoink,4.518299626598996,51.53546281763204
Braixen,4.517410300232609,51.56724082590602
Hippopotas,4.5151834279318805,51.64689891603802
Huntail,4.513673073691474,51.70099625228173
Snivy,4.5118331210912235,51.76697559394472
Linoone,4.506545895402363,51.95704059506971
Liepard,4.502958230578384,52.08640709821595
Kricketune,4.492979067859737,52.44793918312372
Mega Banette,4.48934381321306,52.58026238551583
Bidoof,4.488172173144279,52.62298116018265
Grumpig,4.485450808497547,52.7223378966549
Frogadier,4.4823174179437375,52.83697002573156
Mienfoo,4.4821323250865985,52.843749263788304
Throh,4.481737800324298,52.85820208846369
Mega Absol,4.481455209282378,52.86855681833246
Brionne,4.480359692691991,52.90871802725975
Heatmor,4.477850804953418,53.00080784401261
Delcatty,4.474469362233853,53.12517882003535
Sawk,4.46994149671771,53.29217289986545
Gorebyss,4.469650697080863,53.302915923212716
Axew,4.46700969052217,53.400581940981944
Slakoth,4.464497776272045,53.493640087064676
Boldore,4.463289316834491,53.53846728513724
Clamperl,4.454944001443269,53.84905970331781
Vanillish,4.449148659112374,54.06580778276851
Tornadus Therian Forme,4.448142470733036,54.103528410337624
Patrat,4.4472945654287095,54.13533565363273
Darmanitan Standard Mode,4.446949111793654,54.14829992338071
Mienshao,4.442102497435001,54.33051253960719
Meowstic,4.440623322182612,54.38624542814598
Spinda,4.439071693614191,54.44476968001788
Bagon,4.431854956531885,54.71779893841803
Pansear,4.413792120576474,55.40718354597547
Zorua,4.40898919252796,55.59194898131658
Tornadus Incarnate Forme,4.408781086345965,55.59996859902522
Grovyle,4.408155265567801,55.62409231376975
Makuhita,4.407176771508311,55.66183161702186
Elgyem,4.40421262383267,55.77631145760193
Timburr,4.4040722415171825,55.78173906946309
Mightyena,4.400205568487982,55.931444337197206
Zangoose,4.397104349032952,56.05180397132698
Vigoroth,4.396981991516566,56.056558025490574
Corphish,4.396288070360416,56.08352712631699
Sylveon,4.396238254649043,56.08546370262498
Cranidos,4.395373097590247,56.119107186130876
Whismur,4.3935305339045145,56.19082649317445
Conkeldurr,4.393506504140346,56.191762424550014
Oshawott,4.389886716809499,56.332927126867666
Vanilluxe,4.388753071059891,56.37720999944124
Cinccino,4.386471258515453,56.4664485476647
Lurantis,4.3862491684177085,56.47514172538512
Jangmo-o,4.384237631293857,56.55393944408856
Cacnea,4.3824530580570205,56.62393836286852
Cresselia,4.3802894359209885,56.7089214782822
Tympole,4.37661536646586,56.853524487458515
Absol,4.376370552492785,56.86317290089195
Luxio,4.375436016444581,56.900019149475
Luvdisc,4.374100028874107,56.95273502124817
Bergmite,4.372527625476247,57.01484204407867
Bouffalant,4.366512907070896,57.25303795728648
Sliggoo,4.3635789304212595,57.36959065568493
Feebas,4.35695100797221,57.63376011911102
Torracat,4.354395799337293,57.735927776620684
Petilil,4.354135508161203,57.74634543793477
Barraskewda,4.3541078655330665,57.74745189217531
Clauncher,4.354003486010963,57.751630092915626
Florges,4.3514398028222265,57.85434654109885
Riolu,4.349616578422099,57.927506934068234
Nosepass,4.349505873328588,57.93195216742808
Croconaw,4.346617556840848,58.04804975923707
Wynaut,4.34376513811473,58.16293276130751
Darkrai,4.343613238555145,58.16905698627924
Lycanroc Midnight Form,4.343067816207863,58.19105241894073
Roggenrola,4.342424567245464,58.2170036275829
Unfezant,4.3419583558998625,58.235819671666455
Bibarel,4.338364040551454,58.381088669911485
Mantyke,4.3345266260870075,58.53658282720463
Swanna,4.333583656588295,58.57485581890844
Alolan Persian,4.330150012810811,58.71443120699909
Mudbray,4.329875086953557,58.725621134895576
Luxray,4.329172649478624,58.754221164635524
Porygon2,4.328933829581563,58.76394798707548
Skitty,4.327393085916415,58.82673918132656
Exploud,4.3273147323879195,58.82993417931481
Glaceon,4.320694645989928,59.10050707172047
Bayleef,4.318733750050036,59.18089047567456
Gumshoos,4.3184210491850505,59.19371918917274
Sigilyph,4.315920202980361,59.29641779378669
Banette,4.315022595916748,59.33332195090115
Mega Blastoise,4.312797283798613,59.42491236955325
Zigzagoon,4.309451123270552,59.56290138869601
Komala,4.305862421500179,59.711248447440994
Steenee,4.301540446121379,59.8903975288236
Smeargle,4.299194284295929,59.987872653935916
Tepig,4.296973928279524,60.08026708112315
Dunsparce,4.2934512155776146,60.227147827244615
Leavanny,4.291699623560116,60.300314681397076
Pancham,4.289998160345585,60.371472680007265
Bonsly,4.284703718106352,60.59343261163552
Deerling,4.283634484150728,60.63835726189998
Lycanroc Midday Form,4.283053324877196,60.66278906596362
Lycanroc Dusk Form,4.283053324877196,60.66278906596362
Cherrim,4.2788243551257406,60.84087068379765
Frillish,4.275554764140655,60.97891118398431
Torkoal,4.272899876706603,61.091229581895895
Aromatisse,4.271517188196588,61.149807888549226
Galarian Slowpoke,4.270988420693075,61.17222423885039
Miltank,4.270361366081158,61.198817982852916
Politoed,4.270081411791961,61.21069473679106
Sceptile,4.267027932240638,61.34038502675279
Zebstrika,4.258916513896149,61.686236971012875
Zoroark,4.257039605433003,61.76654137534944
Octillery,4.251500475643985,62.004145663838194
Cryogonal,4.250333637147963,62.054314332505946
Carracosta,4.248872188638499,62.11720713531789
Pelipper,4.247461816665423,62.177962320738196
Illumise,4.247429800826134,62.17934217003482
Galarian Ponyta,4.246732841235826,62.20938799201021
Lombre,4.243737838025534,62.33866745903968
Dusclops,4.242012857236104,62.41324823539268
Staraptor,4.241659430222861,62.42853991479917
Manectric,4.2415698093964025,62.43241812257384
Trapinch,4.236938401665831,62.63316366770612
Thievul,4.2359074042413445,62.677939387920674
Magmortar,4.231487992087641,62.870235292269065
Turtwig,4.229925193281384,62.93837634886493
Slurpuff,4.228821324437643,62.986551671428145
Duskull,4.22672151127325,63.07829405925056
Volbeat,4.223820437913146,63.20526397742648
Chespin,4.213486589875346,63.65962085771357
Zeraora,4.213182717352032,63.67303079291046
Drizzile,4.210224524138035,63.803723949818504
Palpitoad,4.208167078350643,63.894780166612605
Galarian Farfetch'd,4.204987542264899,64.03575229456082
Swoobat,4.204880816238318,64.04048963266993
Klink,4.201026366373603,64.21181544023028
Electrike,4.200298524513132,64.24421857261508
Mismagius,4.199265301716008,64.2902451855619
Mega Manectric,4.197728228881642,64.35877765218241
Deoxys,4.197712140767542,64.35949534864774
Shelgon,4.195971211347438,64.43720613757586
Finneon,4.195921010521307,64.43944836976677
Boltund,4.193967641794206,64.52675667337864
Gogoat,4.187602533742274,64.81207487277547
Cubchoo,4.187464531005109,64.8182748466301
Keldeo,4.186756423151496,64.8500969531706
Pignite,4.18584012977358,64.89129802952375
Ferrothorn,4.184430579967323,64.95472946276102
Wobbuffet,4.18441090462759,64.9556153153133
Tranquill,4.183148680199814,65.01247032535112
Minccino,4.179365160616658,65.18319162831344
Dubwool,4.178875366387964,65.2053250454707
Slugma,4.1784766568358,65.2233479664627
Cascoon,4.176411148047894,65.3167952159572
Purrloin,4.17439384839167,65.40819063167872
Karrablast,4.174187496353428,65.41754678691589
Braviary,4.1709250005341465,65.56564875359112
Meloetta Aria Forme,4.170562787432794,65.582112190295
Glameow,4.169391864648041,65.63536167030021
Gothita,4.167262309847357,65.73231723351356
Silcoon,4.160380137982048,66.04663302387272
Espeon,4.156098628857744,66.24293180744006
Galarian Darumaka,4.155899638844317,66.25206928322564
Treecko,4.155777745968188,66.25766713738746
Cofagrigus,4.155572886559059,66.26707624319597
Binacle,4.147457617303338,66.64088394635131
Diggersby,4.146737177654409,66.67417076251598
Crabrawler,4.144069459416598,66.79757345495395
Mandibuzz,4.141460627316662,66.9184730940211
Thwackey,4.140772943046532,66.95037848606164
Remoraid,4.14066080742049,66.95558250643096
Aipom,4.1399866716593365,66.9868765073653
Talonflame,4.139436160128632,67.01244260667698
Blissey,4.138133344257072,67.07298506592667
Perrserker,4.136310410895302,67.15778944853952
Sunflora,4.136018993121807,67.17135638380697
Cinderace,4.136010224580825,67.17176464512659
Snorunt,4.135409569788112,67.19973690640064
Vivillon,4.134664209249352,67.23446425470935
Poochyena,4.13288733644709,67.3173235476449
Umbreon,4.130164380799719,67.4444988501223
Ludicolo,4.128132072791416,67.5395740944735
Whirlipede,4.126996426487797,67.59276015376349
Shinx,4.126852950620867,67.59948258077088
Seismitoad,4.125087300365436,67.68226522574632
Seedot,4.1237598925593755,67.74456758946565
Piplup,4.123749186792729,67.74507030154449
Bruxish,4.122975060667667,67.781430932084
Sentret,4.120164409228867,67.91361109964727
Mudkip,4.118115795131583,68.01011632406212
Furret,4.117479678610504,68.04011011792755
Stantler,4.115380379740594,68.1391889218444
Snover,4.115293637618041,68.14328591767361
Tirtouga,4.114466097011434,68.18238462592697
Totodile,4.114325791197655,68.1890158611375
Popplio,4.111637986325478,68.31617343649104
Lillipup,4.108859803747642,68.44785591804249
Krokorok,4.107501029680263,68.51235255818798
Drifblim,4.10638180659516,68.56552412667602
Chimecho,4.106330536849052,68.56796081591246
Heliolisk,4.106168020972372,68.57568525497169
Gastrodon,4.105442514328613,68.61017946593329
Cufant,4.103632079688852,68.69633226518586
Phanpy,4.102536264745931,68.74853114424275
Chimchar,4.102436157814075,68.75330169041294
Marshtomp,4.100874184502339,68.82777964665658
Escavalier,4.097551470447945,68.98648164794801
Greninja,4.09729451563791,68.99876975214276
Shelmet,4.0940748793269695,69.15292500173986
Ferroseed,4.091336976421753,69.284285933021
Bunnelby,4.091183142871663,69.29167406123197
Darmanitan Zen Mode,4.088761354171138,69.40808862898571
Chikorita,4.087713021473736,69.45854226582975
Scrafty,4.087139237693081,69.4861725759346
Corvisquire,4.083139309298952,69.679093021692
Wooloo,4.080306618260681,69.81604035846831
Greedent,4.080306618260681,69.81604035846831
Golett,4.080279825738631,69.81733693544193
Chandelure,4.078936505215037,69.88237544736133
Buneary,4.076953503658973,69.97849565069404
Archeops,4.07566833282829,70.04086114585623
Fennekin,4.074290050948677,70.10780680981458
Alolan Vulpix,4.070122659495802,70.31061409188321
Excadrill,4.067016706189229,70.46214766050663
Larvesta,4.065538999362317,70.5343567806126
Sudowoodo,4.062252368952534,70.6952255804098
Mega Lopunny,4.060152689460944,70.79818939492304
Toucannon,4.058749794912484,70.86706791598755
Druddigon,4.057155937695284,70.94540353152298
Nuzleaf,4.056222472770626,70.99132208898318
Elekid,4.055963381434931,71.00407245385348
Rampardos,4.0557573371106,71.01421391167297
Relicanth,4.054611729643109,71.07062688928512
Teddiursa,4.052707620047085,71.16448983455601
Staravia,4.052029426660332,71.19795125972132
Inteleon,4.051883900983234,71.20513341004155
Lickilicky,4.048140271102885,71.39014258430932
Sirfetch'd,4.047383388410668,71.42760589998801
Landorus Therian Forme,4.044579834467907,71.56654437148245
Hattrem,4.04297448733422,71.64622378280134
Mega Medicham,4.042248132750202,71.68230463443206
Froakie,4.035485224867336,72.0191179165788
Seadra,4.034230422225573,72.08178472307257
Amoonguss,4.03411625715497,72.08748901082551
Magby,4.031519730689788,72.21734709387104
Infernape,4.030696062324355,72.25858943957952
Skuntank,4.026349572957063,72.4766152643903
Bronzor,4.026286176276218,72.47980019098428
Serperior,4.025705724641852,72.50896746599071
Quilava,4.025474485043686,72.5205903577492
Delphox,4.02299143570299,72.64551437198811
Crawdaunt,4.021273217978917,72.7320851064475
Hitmontop,4.020680215749763,72.76198688934758
Spheal,4.019788482766628,72.80697513597869
Tyrogue,4.01591973477002,73.00247719031012
Phione,4.015557973896771,73.02078511440779
Meloetta Pirouette Forme,4.012669437534382,73.16713238892486
Grapploct,4.011349377439287,73.23411065524388
Vespiquen,4.011332289668829,73.23497807008084
Poipole,4.00808532356236,73.3999881903774
Whiscash,4.004741721128245,73.57029791366365
Raboot,4.003268639687532,73.64545613147034
Breloom,4.0029324768928785,73.66261828020646
Rufflet,4.002797234132886,73.66952396885654
Roserade,3.999619553863715,73.83196730432014
Ash-Greninja,3.9990343449639805,73.86192227573956
Tapu Lele,3.9987974998193723,73.87404907538473
Lileep,3.9958383665105894,74.02572874193227
Tapu Fini,3.9953055909307618,74.0530708915905
Mega Audino,3.994736892983698,74.08226772788713
Yungoos,3.994583489315146,74.0901454120436
Rockruff,3.9937186502005675,74.13457286436055
Swalot,3.989323443159211,74.3607701041531
Drilbur,3.988516947255892,74.40235090991521
Haxorus,3.9873619204156587,74.46194155079468
Carvanha,3.98405282081454,74.63293041228522
Yamask,3.9806788129927932,74.80767751264979
Donphan,3.9804046964048583,74.82189255668742
Kubfu,3.97947287999185,74.8702345735918
Hawlucha,3.9774159203053947,74.97705887838393
Ducklett,3.97427000977323,75.14073066440746
Alolan Muk,3.9729784308283373,75.20803084784416
Swellow,3.9719771724890274,75.26024479655592
Landorus Incarnate Forme,3.971073290315828,75.30741187359422
Vaporeon,3.970943112427362,75.31420735142528
Quaxwell,3.9702776109916913,75.34895708980333
Malamar,3.9692771021354276,75.40122970690322
Beautifly,3.9684427068107166,75.44485128237574
Gulpin,3.9678719762909664,75.47470318877288
Ampharos,3.9671431033160562,75.5128438689369
Thundurus Incarnate Forme,3.9666854992202976,75.53679935948261
Barbaracle,3.965943293607604,75.57566984740312
Regieleki,3.965813760674566,75.58245574282526
Litleo,3.964315455708851,75.66099236440515
Salazzle,3.964087301295532,75.67295868707448
Poliwhirl,3.9634681662033393,75.70544083862129
Wartortle,3.9624953811430577,75.7565049610854
Shuppet,3.9614740008660263,75.8101570456825
Shiinotic,3.9613075886390643,75.81890211261057
Wingull,3.9607182971464034,75.84987786215069
Honchkrow,3.959379078262149,75.92032015761136
Lucario,3.958430411740789,75.97025916004523
Eelektross,3.9581511942699614,75.98496377595235
Staryu,3.956921896625935,76.04973695490345
Shellos,3.9567013175680747,76.06136537346227
Deino,3.9559080545668586,76.10319906409066
Cherubi,3.9542429473711898,76.19108537184671
Nickit,3.9537647321755807,76.21634488488985
Fletchinder,3.953719196474152,76.21875053500818
Whimsicott,3.9522075018713094,76.29865644489956
Mothim,3.951827440068635,76.31875911666955
Gourgeist,3.951599830695068,76.33080063258699
Alolan Raticate,3.949451899617461,76.44452903969271
Medicham,3.9466842337050014,76.59132096853051
Dartrix,3.9454690848213714,76.65585925405865
Flaaffy,3.9452493031120293,76.66753797939765
Beldum,3.9422683212040366,76.82611676147292
Garbodor,3.9414844045661286,76.86787308190293
Vanillite,3.940793352009926,76.90470169981357
Alolan Grimer,3.93969114979735,76.96347844595398
Shroomish,3.93828534476646,77.03851050316815
Zweilous,3.9378062542299284,77.06409771962188
Toxapex,3.9284916595548687,77.56326287428251
Gallade,3.9283782885711416,77.56935825042144
Granbull,3.9282647211369133,77.57546466895215
Pyroar,3.926279117303736,77.68230650599152
Oranguru,3.924119152108656,77.79869752590739
Clobbopus,3.9208199805640707,77.97681205809553
Latias,3.919508825430105,78.04771142875795
Persian,3.9154465944064207,78.26778192496643
Altaria,3.9135516590029495,78.37065178397823
Shiftry,3.913316207204926,78.38344313362869
Sandile,3.9125208237013367,78.42666923820465
Sealeo,3.9115914423883646,78.4772078212371
Indeedee,3.9115719700737697,78.47826704938214
Trumbeak,3.911452137636735,78.48478584393285
Galvantula,3.9107540158336835,78.52277391329781
Tangela,3.910528765146886,78.53503477862287
Baltoy,3.907806052014088,78.6833892571012
Croagunk,3.9076592216114503,78.6913976728284
Lickitung,3.9074101236621956,78.70498582387226
Seel,3.9024916371771647,78.97376752901258
Spiritomb,3.8963207438308647,79.31228844046703
Nihilego,3.895593034701985,79.35230440604668
Tyrunt,3.893383117317025,79.47394925148076
Volcarona,3.8931516623618565,79.48670046671766
Mega Gallade,3.891815370954168,79.56035886214451
Unown,3.889122559725418,79.70899810195577
Lampent,3.8887768720419023,79.72809965812856
Porygon,3.8884897511352317,79.74396848811199
Togekiss,3.888034355825479,79.7691441214456
Mega Kangaskhan,3.887036849198443,79.82431708743407
Xatu,3.886465682711867,79.85592598593156
Calyrex,3.8863582370986904,79.8618735273071
Monferno,3.8862023899616362,79.87050107247309
Dustox,3.8847519426777,79.95084113243733
Mime Jr.,3.8834061429704314,80.02545705387423
Drowzee,3.882554864544698,80.07269090841147
Mega Mawile,3.8818903172392925,80.10958321542839
Cacturne,3.8807108442945375,80.17510345203237
Mega Altaria,3.8802921962462245,80.19837241751016
Mega Beedrill,3.8788309575732187,80.27964276753649
Toxicroak,3.8784143651080556,80.30282765583749
Stunfisk,3.8773536585167774,80.36189007463558
Kingler,3.8769227298294693,80.38589751578418
Eiscue,3.8762906945058635,80.4211217703794
Drapion,3.8757015339033725,80.45397045366205
Alolan Raichu,3.8737886132876587,80.56071798626388
Swampert,3.87315138036296,80.59630920935521
Pineco,3.8725054069049385,80.63240466443807
Gigalith,3.8713410080872688,80.69750932813558
Alolan Marowak,3.870691034212442,80.73387397103411
Trevenant,3.8685530635457352,80.85360448095551
Mareep,3.866145235895008,80.98866011580965
Hakamo-o,3.86598305198726,80.99776515557214
Kirlia,3.8619693453486916,81.22342193580835
Scraggy,3.8602945309212324,81.31776838197767
Lanturn,3.857945719862181,81.45026737419778
Hisuian Lilligant,3.8579432558334985,81.45040648604103
Skorupi,3.857759421154492,81.46078592378564
Mega Lucario,3.85701274995933,81.50295711264269
Wugtrio,3.856118899401647,81.55346954566188
Tangrowth,3.8554666379764733,81.59034927940552
Cramorant,3.853170552273093,81.72030577419517
Shieldon,3.851852437761421,81.79500343407699
Mega Gengar,3.851687119491735,81.80437685176902
Lunatone,3.8513689175610217,81.8224216781259
Gible,3.8482121886338283,82.0016515118135
Mega Diancie,3.8468789152003002,82.07746875325267
Vullaby,3.8454385060402916,82.15945709661332
Zygarde 10% Forme,3.844215418469085,82.22913975022708
Psyduck,3.8441177560332345,82.23470639437653
Alolan Dugtrio,3.842617892586176,82.32024419904165
Genesect,3.8418225194086237,82.36564074112877
Spewpa,3.8401939632438684,82.45866997156257
Skrelp,3.8385557264173764,82.55235821004506
Swadloon,3.8355514459557885,82.72444506045807
Cradily,3.834829136937879,82.76587278533127
Goldeen,3.8348122212515996,82.7668432258657
Passimian,3.8348116046047678,82.76687860265781
Numel,3.8325745951970824,82.89531455059846
Eldegoss,3.82937418536441,83.07940990937024
Electivire,3.8288151115121356,83.11161111979384
Wailmer,3.8287305896249846,83.11648044823629
Arrokuda,3.827871981631616,83.16596125510914
Vibrava,3.826970160558698,83.21796411120542
Ninjask,3.8266429450473964,83.23684079419057
Gabite,3.8245216638413737,83.35931894409862
Archen,3.824104948450073,83.38340035252723
Krookodile,3.82359366382793,83.41295629084807
Magikarp,3.8228100298299723,83.45827632184395
Mega Gardevoir,3.8179575369306256,83.73946016222581
Snubbull,3.8164476990156517,83.8271427216218
Weavile,3.8153743443144816,83.88953271695716
Seaking,3.814526505470106,83.93884716371252
Amaura,3.8144103208660662,83.94560728567221
Mega Latias,3.812690180331183,84.04575621231298
Chewtle,3.8123076114617462,84.06804612982812
Oinkologne,3.8111012617283246,84.13837137159388
Wimpod,3.8105819623613515,84.1686625047607
Chansey,3.8101180834415502,84.19573014196315
Solrock,3.805648512100213,84.45697894746255
Pachirisu,3.805203548246196,84.48303164587935
Ponyta,3.804667059837535,84.51445380663532
Type: Null,3.8029033972440156,84.61783402345156
Magearna,3.8018348076752058,84.68053281128194
Spectrier,3.798300080681189,84.88826177643013
Noivern,3.7960977151748394,85.0179480554337
Chesnaught,3.795731492753896,85.039532264169
Ogerpon,3.7946851534063892,85.10123101629122
Alolan Sandshrew,3.79450623084338,85.11178589737887
Meditite,3.794070383609542,85.13750258690139
Alolan Sandslash,3.7930316197342115,85.19882504630651
Combusken,3.791175691668273,85.30849801034219
Decidueye,3.7904681027248124,85.35034895852446
Palafin Zero Form,3.788649668765666,85.45799598198424
Finizen,3.788649668765666,85.45799598198424
Marowak,3.787817096813619,85.50732758887033
Bisharp,3.7852875293772796,85.65738444725773
Glalie,3.783681295533941,85.75280475811736
Girafarig,3.7832538769884274,85.77821398734754
Hisuian Electrode,3.7829600637321503,85.79568499970657
Sawsbuck,3.7811883918155265,85.90110934160121
Galarian Linoone,3.7808507440695274,85.92121595420448
Drednaw,3.7800554191124522,85.96859542440421
Mega Ampharos,3.7796552980831315,85.99244149883631
Seviper,3.7795909561198733,85.99627671399703
Oricorio Pa'u Style,3.777928538258105,86.09542736016657
Cyndaquil,3.7763522432517145,86.1895470147262
Weezing,3.7735082213348816,86.35962227191956
Litten,3.772606018600435,86.4136449533013
Primarina,3.771103927878437,86.50366309756288
Froslass,3.770008701069145,86.5693575782859
Slaking,3.7664016369638356,86.78607136801703
Meganium,3.7663927735613068,86.786604552249
Primeape,3.7645930447902187,86.8949363953811
Alolan Graveler,3.764224470609192,86.91713881554242
Kadabra,3.763057751820813,86.98745781694882
Abra,3.7617248667834184,87.06786140453735
Hoopa Confined,3.760673697954557,87.1313234460074
Claydol,3.7604755875626457,87.1432891112246
Typhlosion,3.759765439852342,87.18619481126431
Gardevoir,3.7554039308511493,87.45017211921927
Pheromosa,3.755349802588347,87.45345321090099
Muk,3.7553171459130406,87.45543281938967
Durant,3.754993655674167,87.47504483029988
Alakazam,3.754682941436375,87.49388642064295
Sandygast,3.754262904266633,87.51936376258686
Pawniard,3.7490779992811656,87.83446568647211
Alolan Meowth,3.748967472968151,87.84119503068754
Sandslash,3.7486343231422405,87.86148182529325
Stunky,3.748325292099304,87.88030412163856
Grubbin,3.748134816084329,87.89190754073383
Swirlix,3.744088813721856,88.13874417138116
Greavard,3.7425486816396436,88.23288588960752
Poliwag,3.742209105200335,88.25365627752726
Ninetales,3.741328955728884,88.30751388824054
Wormadam Plant Cloak,3.7393598623141258,88.42812459181826
Azumarill,3.7392426488461052,88.43530933144001
Charmeleon,3.7387971528517925,88.46262186696946
Raticate,3.737700460949947,88.52989396673884
Dugtrio,3.7374713829133914,88.54395228391246
Torchic,3.736185777392678,88.62289019152502
Empoleon,3.735855841065001,88.64316007106744
Metang,3.7351025382034924,88.68945716129748
Noibat,3.734207063124977,88.74452344284295
Silvally,3.7335051482346056,88.78771085001534
Minun,3.7321617741448816,88.87042456009618
Plusle,3.7321617741448816,88.87042456009618
Marshadow,3.7313823936261263,88.91844759202935
Mega Pinsir,3.7307864262314676,88.95518677873982
Blipbug,3.7289069634526215,89.07114816121145
Electrode,3.728856184435991,89.07428328317718
Crocalor,3.7279344042570575,89.13121364080565
Hoothoot,3.7278739961450817,89.13494579549322
Hisuian Samurott,3.7277687885713333,89.14144613898652
Mega Pidgeot,3.719220859329059,89.67117456899432
Gliscor,3.7186573314594336,89.70620766674543
Raichu,3.718412467796349,89.72143448473716
Mankey,3.7172710912662326,89.79244495899998
Lotad,3.7157494866162044,89.88719864849634
Bronzong,3.7145432253140704,89.96238625768947
Espurr,3.71385379776168,90.00538728553849
Cursola,3.712215489210606,90.10765446480575
Tauros,3.7085572381457106,90.33643095437283
Electabuzz,3.706940003683085,90.43775320255119
Lairon,3.7043909011182743,90.59768921725131
Spidops,3.7038230761984616,90.63335423947476
Regirock,3.7035759231601735,90.64888228045506
Bellossom,3.702433421847682,90.72069751730785
Vikavolt,3.7016295709272464,90.77125999558257
Doublade,3.6997532534718953,90.88939064413965
Masquerain,3.698297065989368,90.98117636916619
Solosis,3.6963487435632825,91.10412710242667
Alolan Ninetales,3.694375758225897,91.22880353521667
Helioptile,3.6943664220099564,91.22939391262952
Mega Sceptile,3.6941570114778908,91.24263703190877
Yanmega,3.6927020806845117,91.33469992797266
Diancie,3.6908723944668385,91.45060790028167
Floragato,3.6904986101749397,91.47430468186052
Rolycoly,3.690400882131254,91.48050135363214
Galarian Meowth,3.689372337831653,91.5457440376595
Flareon,3.6886263171278713,91.59309478002285
Yamper,3.687054780088135,91.69292209200992
Mabosstiff,3.6851391553011403,91.81475373029717
Celebi,3.6822189997913863,92.00078395729692
Magnezone,3.68208860612116,92.00909954838578
Rillaboom,3.6820122841832648,92.01396717344453
Ledyba,3.6812095744558633,92.06517762060699
Blacephalon,3.680913486060531,92.08407435719478
Gligar,3.6736005737090998,92.55202659027806
Aron,3.673019185312394,92.58933143738719
Quagsire,3.671175576703542,92.70772624521841
Ursaring,3.670922722873379,92.72397608136467
Yanma,3.669525080343869,92.81384799681935
Grimer,3.667474360657183,92.94587210450212
Wishiwashi School Form,3.6657605111470577,93.05635275891636
Wiglett,3.6642460536514148,93.1540892055356
Orbeetle,3.662840112342825,93.24491437330968
Manaphy,3.6624976584483884,93.2670506344965
Hatenna,3.6613763445002707,93.3395692850993
Hisuian Decidueye,3.660583445366691,93.39088241970038
Crustle,3.659046602906042,93.49042081368206
Noctowl,3.6586110291183975,93.51865139844874
Magcargo,3.6585121021325864,93.52506428214055
Mareanie,3.6583746091249414,93.53397791585058
Mega Blaziken,3.6514982980298214,93.98085263026424
Oricorio Baile Style,3.650540629571811,94.0432583184678
Dusknoir,3.649949919594893,94.08177211649297
Chatot,3.6498021058253736,94.09141191799014
Victini,3.6497212938814343,94.09668255568754
Mega Heracross,3.648864122502601,94.15260632793203
Tapu Koko,3.648636618756087,94.16745476025427
Magmar,3.648459117784759,94.1790412996847
Armaldo,3.6460217832024338,94.33828482517781
Misdreavus,3.6439773150833963,94.47206801267764
Salamence,3.6430097809514224,94.53544634604145
Goodra,3.642815017463367,94.54820947034747
Anorith,3.642054833271832,94.59804189604206
Jolteon,3.6416591007765478,94.62399377975585
Walrein,3.6414098245875395,94.64034480737556
Squirtle,3.6412142714004654,94.65317390492245
Pinsir,3.6389397989050924,94.80251650868573
Mega Houndoom,3.6377259929247137,94.88231180807017
Hisuian Braviary,3.636370497760295,94.97150110280052
Minior Meteor Form,3.6328509007380747,95.20347630658522
Mega Slowbro,3.6324127057684827,95.23239719381054
Aegislash,3.631810751843025,95.2721405038556
Machop,3.6315134626739676,95.29177479461879
Salandit,3.6296638237954895,95.41402405783627
Blastoise,3.624775011204951,95.73789882226951
Feraligatr,3.624097841145646,95.78284668322948
Nidorina,3.6233460502571844,95.83277229782375
Hisuian Sneasel,3.6219117870573494,95.92809234845232
Gossifleur,3.6214937617221103,95.95589183621003
Hisuian Sliggoo,3.621393110575627,95.96258653409281
Silicobra,3.6209803286944418,95.990047143037
Hitmonchan,3.619582799877184,96.08307709654329
Shaymin Sky Forme,3.6191274253552743,96.11340969632315
Galarian Articuno,3.6180269353275647,96.18675312485527
Growlithe,3.615696513793118,96.34225155946766
Woobat,3.6142170971369634,96.44109672889404
Emboar,3.614127371968234,96.44709485221168
Galarian Corsola,3.613449104951195,96.49244904099928
Stufful,3.612648992071189,96.54597820816275
Araquanid,3.6123749696740997,96.56431768550362
Wormadam Sandy Cloak,3.610967271229701,96.6585855491256
Obstagoon,3.6107299592246376,96.67448643515968
Sharpedo,3.6100845701936435,96.71774340153065
Carkol,3.609932430352113,96.72794333819915
Hitmonlee,3.6094575997990783,96.75978440000851
Nidorino,3.6081141607280776,96.8499291733572
Honedge,3.605823521128555,97.00382482682454
Tapu Bulu,3.605199022958069,97.0458238790405
Naclstack,3.6045393944220043,97.09020528288995
Regice,3.6044057483541465,97.09919978611242
Cetoddle,3.6007921125411433,97.34271691428668
Dwebble,3.5990087951697247,97.46311678161948
Mega Charizard Y,3.598126226062266,97.52275811236787
Mawile,3.597350161791776,97.5752323261419
Drakloak,3.5953203520845975,97.71261309189588
Bastiodon,3.5948351260201803,97.74548260310597
Oricorio Pom-Pom Style,3.5923130072901044,97.91651065764928
Mega Sableye,3.591909112270356,97.94392707366472
Emolga,3.5902424942619118,98.05713841071959
Hisuian Zorua,3.5897600680526014,98.0899334522157
Wormadam Trash Cloak,3.5891188254732826,98.13354171373344
Larvitar,3.585604717039228,98.37286619478576
Dottler,3.5816725600736325,98.64135341294946
Latios,3.579397025139106,98.79706127364075
Galarian Mr. Mime,3.5783117253802845,98.87141154507007
Bounsweet,3.5763553178300893,99.00557987924142
Corsola,3.5758740024500635,99.03861586874463
Golduck,3.5756012108916737,99.0573443262494
Alolan Geodude,3.5755965378867116,99.05766518145313
Pyukumuku,3.572521518137284,99.26902594859192
Ledian,3.5718146814612703,99.31767391508724
Jumpluff,3.5694176275060663,99.48282850683854
Oricorio Sensu Style,3.5666093654565616,99.67666429783853
Grookey,3.566449411589919,99.68771621892996
Charmander,3.566335593853538,99.69558113664377
Mega Swampert,3.565797112529785,99.73279913972648
Hisuian Growlithe,3.565475284234332,99.75504945326833
Starmie,3.565459071738844,99.75617047145343
Ariados,3.5633911417806696,99.89926148052116
Machoke,3.5618791007205237,100.00401748564344
Galarian Zigzagoon,3.561787371071459,100.01037615799297
Clefable,3.5615972423113167,100.02355711536327
Slowpoke,3.5613781450853224,100.03874850885316
Sneasler,3.5612528556595393,100.04743665240383
Volcanion,3.5603553252479947,100.10969759605092
Galarian Darmanitan Standard Mode,3.5595460137625303,100.1658720854464
Sobble,3.5585208835828954,100.23707185097217
Sandshrew,3.555359857870619,100.45693767591656
Blaziken,3.5551997330284437,100.46808801853352
Hypno,3.553949146909605,100.5552155576698
Phantump,3.5517885338729633,100.705922167292
Toxtricity,3.551620350922536,100.71766269865516
Mr. Rime,3.55125223983461,100.74336460911883
Bellibolt,3.548216044061583,100.95560535183806
Hisuian Voltorb,3.5414954091933177,101.42699294542176
Sableye,3.538990921005729,101.60322098752634
Chinchou,3.538239665224831,101.65614269454323
Galarian Stunfisk,3.5363779906123316,101.78740592975925
Hippowdon,3.5358928705608594,101.82163867696833
Galarian Slowbro,3.534405096598596,101.92669602858246
Vulpix,3.533979224475693,101.9567884213807
Maschiff,3.53296002075565,102.02884207752444
Meltan,3.5326883694827553,102.04805533715873
Goomy,3.532677097647804,102.04885264587458
Lechonk,3.5318818762797743,102.10511803500458
Horsea,3.531635755289694,102.12253845701723
Houndoom,3.531482660640973,102.13337598211943
Metapod,3.5279351505259604,102.38482552704176
Klawf,3.5266095071270107,102.4789466962864
Scatterbug,3.5253251426577146,102.57021957057864
Falinks,3.5211507352926588,102.86743410030165
Kommo-o,3.520551004177608,102.91020518073918
Registeel,3.518769988383693,103.03732690445159
Venipede,3.5167596813485624,103.1810031772979
Appletun,3.5151342165387605,103.29732131988551
Delibird,3.513332484145371,103.42640639252242
Castform Rainy Form,3.512832793877085,103.46223525339943
Surskit,3.511031882653774,103.59146744663211
Charcadet,3.5096450106434722,103.69109847003193
Shuckle,3.5078001490297037,103.82377937951435
Fomantis,3.5048895260679616,104.03345426389834
Charjabug,3.504659402463524,104.0500499145892
Quaxly,3.5044518620991747,104.06501921717066
Dragalge,3.503370665963729,104.14303769286492
Pumpkaboo,3.5003253493089503,104.36310047863479
Heracross,3.4976277163731457,104.5584270769624
Kricketot,3.495388463880254,104.72084152234345
Suicune,3.493651250809598,104.84701648233391
Galarian Zapdos,3.493487756696811,104.85889899443403
Thundurus Therian Forme,3.491857852656806,104.97743168396347
Krabby,3.4874224384381503,105.30067038748038
Nincada,3.485011820202334,105.47676575019896
Mega Latios,3.4836945571967592,105.57311604406745
Wurmple,3.4817225152074682,105.71752423078698
Piloswine,3.4792824426171975,105.89647868425986
Morgrem,3.479176406983693,105.90426218149518
Tropius,3.4781974219750786,105.9761511581812
Inkay,3.4760886025116857,106.13117212912685
Enamorus Incarnate Forme,3.4692680752962306,106.63410887098067
Enamorus Therian Forme,3.4692680752962306,106.63410887098067
Sneasel,3.460623684247205,107.27496090951776
Pidgeotto,3.457929851566192,107.47545425778719
Slowking,3.457562923982035,107.50279248453037
Terapagos Terastal Form,3.456029668571771,107.61710413909367
Hisuian Zoroark,3.454828445541183,107.70674607506713
Ralts,3.4518012735084604,107.93298179895919
Clefairy,3.451095326484614,107.98580904949742
Shedinja,3.4481896020562393,108.20352186815974
Nacli,3.446617948329485,108.3214616454428
Frosmoth,3.44621360539348,108.3518250659323
Terapagos Stellar Form,3.4458840557432335,108.37657831148894
Azelf,3.445883872314806,108.37659209080202
Mesprit,3.445883872314806,108.37659209080202
Uxie,3.445883872314806,108.37659209080202
Omastar,3.4435697054560976,108.55057395687719
Grimmsnarl,3.442949784324526,108.59722779053264
Fearow,3.4382569447755666,108.95105109963934
Castform,3.438164997329071,108.9579951106024
Skiploom,3.434745760384753,109.21653556623133
Wyrdeer,3.4342151883653815,109.25670891746377
Zarude,3.43399841085517,109.27312692414186
Forretress,3.429102937146189,109.64455147344657
Mega Charizard X,3.4270083057471594,109.80385868550856
Tentacool,3.426821203624506,109.81809999549725
Xurkitree,3.4258284651104973,109.8936933622379
Mega Aerodactyl,3.4255335759576906,109.91615810316179
Mega Salamence,3.425437546516439,109.92347464494354
Houndstone,3.425250899334476,109.93769680099633
Duraludon,3.4221911123217645,110.17110919739208
Vileplume,3.422059292338925,110.18117606309072
Incineroar,3.4214087429138376,110.23087087867086
Palossand,3.418538644582222,110.45038251152782
Skarmory,3.411589743645218,110.98366231882274
Paldean Tauros Combat Breed,3.4098878791019165,111.11466062629673
Sandaconda,3.406289242904447,111.39216928003867
Nidoran♂,3.4025194354423416,111.6836211381938
Palafin Hero Form,3.401712966043166,111.74606995756893
Galarian Slowking,3.400882420780763,111.81041958548029
Necrozma,3.3979111253608285,112.04093547833652
Golisopod,3.395676982507332,112.2145753441903
Brute Bonnet,3.3936508152763945,112.37228381577846
Scorbunny,3.3924664580447104,112.464571906304
Probopass,3.392414446496998,112.46862651363573
Dachsbun,3.389234100517452,112.71683121206787
Wooper,3.3886555436336065,112.76204255234859
Shaymin Land Forme,3.3883319476208715,112.78733787735052
Virizion,3.3874469161705543,112.85654929237387
Pupitar,3.3871073828094618,112.88311282232429
Voltorb,3.384526361473527,113.08524458948169
Skwovet,3.3817079639454777,113.30637981681257
Houndour,3.381308236481436,113.33777796100837
Milotic,3.3807932506865788,113.37824234376936
Ivysaur,3.379664462639845,113.46698603593349
Parasect,3.374890824921135,113.84305122884412
Barboach,3.3741367637531576,113.90256974113308
Hydreigon,3.372972874085179,113.99449735571996
Qwilfish,3.3704263852539067,114.19588576237507
Avalugg,3.369274104214306,114.28713049048508
Farfetch'd,3.3686696460350194,114.33502437156676
Poliwrath,3.3649873644802044,114.62722160435239
Jellicent,3.3606020009889854,114.9761843407809
Burmy,3.3571263924342856,115.25350833501389
Wigglytuff,3.3543503013589664,115.4754972229472
Pidgeot,3.353701015336638,115.5274787563403
Arboliva,3.352280694271104,115.64127058640827
Runerigus,3.3496370809564127,115.85336743250603
Galarian Rapidash,3.3459124333364967,116.15285586316212
Munkidori,3.3433815800563536,116.35679628307544
Hisuian Typhlosion,3.341725256538789,116.49045943861402
Swablu,3.341169429236509,116.53534837939783
Mega Garchomp,3.338744852800471,116.73136098694701
Doduo,3.337562757895722,116.82704586123623
Arceus,3.336362038205204,116.92431861877004
Marill,3.3349563656142243,117.03829794290856
Garchomp,3.3261324818255464,117.75632703698325
Pidove,3.318941264651955,118.34475723477479
Weepinbell,3.31573845484486,118.60777664154993
Castform Sunny Form,3.315467241970225,118.63007586555003
Grafaiai,3.311388351935967,118.96594983349864
Koffing,3.30990102571391,119.0886593532276
Rapidash,3.3082142356537485,119.22797850201452
Scream Tail,3.308108813469025,119.23669117715836
Togetic,3.306771878269561,119.34723818166013
Raikou,3.3055947390140434,119.44465700204796
Beartic,3.3050978377271716,119.4858039003725
Toxel,3.299491411145589,119.95103853091668
Flygon,3.29570962997392,120.26588237617337
Fuecoco,3.295024451095999,120.32301379416111
Ekans,3.294693255058182,120.35063923047286
Mega Aggron,3.292694546952094,120.51748842194833
Toedscool,3.291126956832922,120.64851035966235
Mega Glalie,3.290539053376494,120.69768508353395
Hariyama,3.290090083877424,120.73525228276921
Combee,3.290052442013811,120.73840246978732
Kabutops,3.289086021915063,120.81930876384047
Butterfree,3.2876255136972876,120.94168177867098
Crobat,3.2839726038467822,121.2482946291996
Kangaskhan,3.283162287089489,121.31641513918795
Xerneas,3.28239271418772,121.38114588843501
Meowth,3.281835428175601,121.4280422035328
Mew,3.28100711971519,121.49777887747403
Tentacruel,3.2770066876244712,121.83514616257162
Machamp,3.2761186021352935,121.91016779341136
Sunkern,3.2760796234699554,121.91346160096658
Spinarak,3.273239503800528,122.15369938548322
Slowbro,3.2715090706284067,122.30030391855215
Espathra,3.2714907583571646,122.3018562982919
Urshifu Rapid Strike Style,3.270347289242788,122.39883024453492
Sewaddle,3.2701061215159886,122.41929272218412
Brambleghast,3.269870372356071,122.4392987544622
Metagross,3.2690570686760654,122.50834204037672
Galarian Moltres,3.2686981194444367,122.53882647745648
Venonat,3.2661652277155286,122.75415278729339
Sizzlipede,3.2646037727286426,122.88708375519423
Cubone,3.260385465146548,123.24692009118685
Meowscarada,3.2553449634380214,123.6782744535577
Magneton,3.2535135760099574,123.83537394798954
Mega Sharpedo,3.250818388615975,124.06693466035217
Scovillain,3.249288730622016,124.19854987933815
Victreebel,3.24766927068355,124.33804402168772
Dolliv,3.2450077818448193,124.56763498856844
Venomoth,3.2437671429978283,124.6748024156208
Beedrill,3.237199626133813,125.24364779020588
Nidoran♀,3.2344531245576693,125.4823049550621
Drifloon,3.2319891309221314,125.6968005863113
Hisuian Qwilfish,3.2288618496962873,125.96956481201627
Varoom,3.2227162097123085,126.50731868234645
Mr. Mime,3.2224691897863145,126.52898126735685
Sprigatito,3.222125356387275,126.55914015269512
Calyrex Shadow Rider,3.2218978577830715,126.57909883914293
Dudunsparce Two-Segment Form,3.2217178722678708,126.59489138355288
Zacian Hero of Many Battles,3.219442401940266,126.79471892981918
Eevee,3.217512676825466,126.96443093329643
Mega Mewtwo X,3.2167968293522264,127.02744474894945
Gloom,3.211632302015275,127.4829896336896
Terrakion,3.211409178475541,127.50270735280807
Iron Moth,3.2043313040594525,128.12977368252737
Pikachu,3.202201942408315,128.31902786615177
Lokix,3.200500887749744,128.47041565642968
Castform Snowy Form,3.1999806223203042,128.51675307856812
Dewpider,3.19943108966957,128.56571533483583
Regigigas,3.1979595732142077,128.69691636913367
Starly,3.1971782483200117,128.76663404011217
Scyther,3.194959532140479,128.96481619562695
Dratini,3.194150436482478,129.03716283493796
Mega Scizor,3.191208362535252,129.30057556069644
Zubat,3.186783065778064,129.6977987210616
Chingling,3.183733674118037,129.97222793041817
Paldean Tauros Aqua Breed,3.1831936924123836,130.0208839243668
Annihilape,3.180593790247817,130.25540774672208
Graveler,3.178521455508195,130.44264535542993
Regidrago,3.1775350317847786,130.53186429297355
Gholdengo,3.1734565719866783,130.90139641978658
Fletchling,3.171660074085166,131.06450127262136
Nidoqueen,3.1703827336621297,131.18059519097545
Entei,3.168164498571428,131.38244881439692
Heatran,3.164186184134952,131.74524344657988
Kyogre,3.161083234412284,132.0289061700534
Smoochum,3.15599144262852,132.49570712808412
Murkrow,3.1546729082429215,132.6168553941766
Crabominable,3.1523565443205133,132.8299535410545
Hatterene,3.1510046124279345,132.95448520672736
Bewear,3.1506062507754287,132.99120210108032
Primal Kyogre,3.1498231467856495,133.06341016215416
Bulbasaur,3.1465523380762317,133.36542734672946
Wishiwashi Solo Form,3.143777773443628,133.62216008237675
Golbat,3.143771367994116,133.62275335529716
Jynx,3.141688133287873,133.8158424184418
Pawmot,3.1387013809973707,134.09316282455057
Kleavor,3.138361482170397,134.12475888399365
Pichu,3.1339342922672575,134.53697891867432
Corviknight,3.133023109032221,134.6219771730687
Flamigo,3.132780017056293,134.64466268786057
Dudunsparce Three-Segment Form,3.1301000337186027,134.8950141532023
Rhyhorn,3.1293635192737685,134.96389738093316
Armarouge,3.1282712019755374,135.0661221890068
Kabuto,3.1263143417205583,135.24944912287373
Shellder,3.1252769034818457,135.34674162595974
Bellsprout,3.1247429228528247,135.39684640406313
Bombirdier,3.1218198055590283,135.67145890272423
Kingdra,3.1211447381790505,135.73495728933824
Pangoro,3.118691336968832,135.96598021148904
Iron Leaves,3.118656332769034,135.96927920257255
Taillow,3.1167486280646917,136.1491930441291
Cleffa,3.114656703114062,136.34675419008542
Pincurchin,3.1135048495923607,136.45565745549658
Nidoking,3.1124100764532416,136.55924461652296
Wo-Chien,3.112032727188062,136.59496753014133
Mega Venusaur,3.1116696225930816,136.62935075115922
Galarian Weezing,3.1093738147268826,136.8469465993419
Mewtwo,3.1072023623812393,137.05307496159134
Carbink,3.106229280865698,137.14554689531198
Iron Bundle,3.1038118167604116,137.37554863528356
Tinkatuff,3.1018557790990613,137.56193174762578
Gengar,3.101747958611647,137.5722128869949
Abomasnow,3.101388534743344,137.60649102302477
Kilowattrel,3.0979274483554526,137.9370111191317
Overqwil,3.0970467067862977,138.02124510246463
Tynamo,3.0938081001373234,138.33142750475943
Zapdos,3.0917957973876744,138.52450984644446
Litwick,3.091370001955106,138.56539985221843
Dreepy,3.089763124283515,138.7198203535442
Arctibax,3.089622193666227,138.73337195264207
Alolan Rattata,3.07967432528382,139.69329097376374
Hisuian Avalugg,3.073419532906343,140.30024484855397
Rowlet,3.0726210657364983,140.3779162499441
Alolan Golem,3.072274773171146,140.41161544625115
Glimmora,3.0692041845216984,140.7107815523946
Zamazenta Hero of Many Battles,3.0684187962060836,140.7874039063918
Cyclizar,3.065662929933585,141.05659597928033
Fidough,3.064757997302322,141.1451016957392
Fezandipiti,3.0643732648242876,141.18274675898255
Galarian Yamask,3.0612566346680015,141.48807117887154
Cobalion,3.0607362064160135,141.53911985531494
Camerupt,3.0607000895163363,141.54266323630333
Cottonee,3.060456610347318,141.56655296857028
Quaquaval,3.0602184163753634,141.58992802872805
Galarian Darmanitan Zen Mode,3.060181535895912,141.59354762332643
Impidimp,3.0561962040675756,141.98522943248526
Mudsdale,3.053329055010066,142.2676852478448
Ditto,3.051793147171825,142.41922552628606
Urshifu Single Strike Style,3.0515102186274126,142.4471582593911
Roselia,3.0512237741421613,142.47544369237286
Togepi,3.048169342124791,142.7774081039165
Squawkabilly,3.0480799765395905,142.78625251070773
Melmetal,3.046022251153122,142.99005478562268
Pikipek,3.043898920296675,143.20065974650458
Paldean Tauros Blaze Breed,3.0429757778020234,143.29231939284122
Swinub,3.042215474375964,143.36785465886246
Dragonair,3.0368350834644198,143.90352938866567
Wailord,3.0366252082087217,143.92446519704586
Scolipede,3.0349978336930663,144.08690504093593
Iron Jugulis,3.0331084473407186,144.2757281568333
Torterra,3.023961239655878,145.19339448195123
Iron Valiant,3.0228079042812652,145.30951301438662
Glimmet,3.0168194977295695,145.9139241288629
Hoppip,3.0150267707286313,146.0953529247278
Kakuna,3.0063108010683726,146.98065221772816
Dodrio,2.9990222062711718,147.7250874904666
Dragapult,2.9940884049402965,148.23115003802297
Floette,2.994016082628819,148.23858105276392
Rattata,2.991803433101591,148.46610777954206
Geodude,2.9916897128157163,148.47781106622614
Scizor,2.9909665552159193,148.55225491575695
Alcremie,2.9890501710939885,148.74971337770958
Arcanine,2.9851979394513757,149.1474301814391
Wash Rotom,2.9811688825673657,149.56454076494478
Arbok,2.979648901074573,149.7222006490557
Cosmog,2.9745754439774155,150.2496484794556
Turtonator,2.969914138710655,150.73588576305355
Spritzee,2.968624986113261,150.87063940066037
Terapagos Normal Form,2.968277740285955,150.90695719746333
Basculegion,2.9660275582309983,151.1425115375036
Aerodactyl,2.9653640131627435,151.21204316560755
Cloyster,2.9652968947749327,151.2190781552304
Lunala,2.9635826092933035,151.39887134837636
Oddish,2.94781775239602,153.06233432632942
Jirachi,2.946217058290182,153.23225377487256
Tinkaton,2.945524945788464,153.30578241294774
Mega Abomasnow,2.944863849585411,153.37604888816406
Arctovish,2.940313111094857,153.8606116328318
Jigglypuff,2.9367879362994556,154.2370243360287
Moltres,2.9350927386209054,154.41836267174656
Articuno,2.9318159419256418,154.76949207761245
Rookidee,2.9278514313074693,155.19538189701294
Toedscruel,2.926331193690923,155.35900497876105
Omanyte,2.925431808053595,155.45588700605816
Foongus,2.9216627464492246,155.8625487267323
Mow Rotom,2.921373493752549,155.89380147320443
Ceruledge,2.9179928305548772,156.25953532025278
Capsakid,2.910268124456721,157.09844877007365
Stonjourner,2.907683497267518,157.38014715018994
Mantine,2.905101733565761,157.66203772210883
Frigibax,2.904334425037168,157.74591380077598
Flutter Mane,2.8964637805394147,158.60885074893562
Groudon,2.896078240029406,158.6512424581832
Maushold Family of Four,2.890314378496674,159.28635445176528
Iron Boulder,2.8895115259715403,159.375021174888
Gimmighoul Chest Form,2.882596951624693,160.14071003727625
Charizard,2.882372344435931,160.16564361902883
Dracozolt,2.880984691813161,160.3197726558532
Drampa,2.877881109693146,160.66503006719296
Glastrier,2.87775538575282,160.67903186261591
Maushold Family of Three,2.8722038712134355,161.29851858586585
Togedemaru,2.867288883078895,161.84896912691465
Paldean Wooper,2.8616745565105624,162.4800403600053
Fan Rotom,2.8612666398969395,162.52598747760183
Tandemaus,2.855183548983786,163.21272139855205
Tarountula,2.8471161364895803,164.12794784932552
Exeggcute,2.843877256940393,164.4968323338066
Hisuian Goodra,2.841183000474293,164.8043198747036
Iron Treads,2.8233588537224215,166.8530670370789
Mega Camerupt,2.822896825248236,166.90651091220707
Hisuian Arcanine,2.822281375510346,166.97772796028698
Exeggutor,2.8222681102922023,166.97926328556852
Mega Tyranitar,2.821626119879111,167.05358456496612
Kartana,2.815363865622982,167.7802840639102
Veluza,2.8142685165487786,167.90771762186367
Dewgong,2.809315501381307,168.48516377646996
Budew,2.8054682861508664,168.93506046971243
Cosmoem,2.8000342042365127,169.57257428551404
Tatsugiri,2.798594589015936,169.74186931432817
Dracovish,2.795549824158824,170.10048275554266
Flapple,2.794469210057923,170.22793993286606
Hydrapple,2.7943767518514,170.23884970514905
Mega Gyarados,2.79409959989052,170.2715569384646
Copperajah,2.7935897577032587,170.3317408039318
Golurk,2.793481354464667,170.34453990945192
Minior Core Form,2.79336113924123,170.35873477361486
Heat Rotom,2.791813246765654,170.5416136976927
Yveltal,2.7884192824397296,170.94328799712096
Caterpie,2.788325955146305,170.95434659923356
Mega Metagross,2.78152571154682,171.7620539206212
Centiskorch,2.7807484449649276,171.8546174013187
Bramblin,2.78064342353734,171.86712806620727
Smoliv,2.7797956368938888,171.96815390429217
Tyrantrum,2.779640273931431,171.98667404869423
Rhyperior,2.7773627226944875,172.2584000924415
Snorlax,2.7743161002120527,172.6225524751697
Iron Crown,2.772791930225756,172.80502010508266
Naganadel,2.764081014459851,173.85156391493342
Reshiram,2.756823659526382,174.7283128056125
Solgaleo,2.7511291610139583,175.41935030885915
Dhelmise,2.7411608150024813,176.63561279880312
Venusaur,2.740692791420851,176.69292431693273
Pawmi,2.735918377451968,177.27863549269802
Okidogi,2.7344542735175046,177.45863617747827
Palkia,2.7310074509894746,177.88311929782108
Golem,2.727456909107381,178.3214373493783
Archaludon,2.7257678052302596,178.5303379247723
Azurill,2.7226216790227453,178.9200889387771
Rotom,2.7225898353901434,178.92403816456243
Dipplin,2.7200539579307463,179.2388160105748
Flabébé,2.7192724738111216,179.33593302327478
Aggron,2.716504943385537,179.6802843837842
Zekrom,2.7163403808743154,179.70078097137198
Mamoswine,2.7150087098470532,179.86672927928797
Klefki,2.714979900866563,179.87032104933306
Tyranitar,2.7030122822385674,181.36860891837648
Aurorus,2.694186237361537,182.48157734398717
Frost Rotom,2.6902240168954163,182.9834339374187
Comfey,2.690180267974196,182.98898289197172
Morpeko,2.689934827406411,183.02011680401864
Kyurem,2.68553984128405,183.5785143185848
Buzzwole,2.681262151885478,184.12364493577044
Polteageist,2.677194624763193,184.64349469824745
Igglybuff,2.662328548078338,186.5559677750035
Pawmo,2.660142410792776,186.8388731030696
Ultra Necrozma,2.6576457520665824,187.1624874154668
Ursaluna,2.654927571230297,187.51545254879377
Snom,2.653317034547065,187.72490023985304
Tinkatink,2.6511745855828606,188.00388490945184
Milcery,2.6441372454669834,188.9231917284325
Revavroom,2.6311228082444478,190.63516298415192
Morelull,2.630159093081419,190.76254913792368
Dedenne,2.629023549178656,190.91275726658688
Rayquaza,2.618674383188822,192.28719287934388
Black Kyurem,2.6178302345135216,192.399736744672
Sandy Shocks,2.616715385522146,192.5484719550531
Natu,2.606556199282633,193.90914714672576
White Kyurem,2.6013665275304714,194.60793444835352
Garganacl,2.598042404422622,195.0568488414471
Hoopa Unbound,2.5932740969134342,195.70260539113943
Chi-Yu,2.587446782303373,196.49468334893962
Paras,2.575425261396919,198.13885197468602
Zygarde 50% Forme,2.5691339791775682,199.0047795051071
Wattrel,2.567147041467562,199.2790457235786
Dondozo,2.555983190641195,200.827086981418
Gastly,2.555722611444619,200.86336359277095
Lugia,2.5544876875633267,201.03537302766287
Arctozolt,2.554288797568735,201.06308968249303
Rhydon,2.539134610850376,203.18620398488142
Dawn Wings Necrozma,2.537773316884322,203.37801630943744
Alolan Diglett,2.537047128297738,203.48041353598123
Flittle,2.535923878997959,203.63890041236812
Dusk Mane Necrozma,2.532585940176919,204.11060172370284
Tadbulb,2.5322267133284733,204.1614309948612
Ho-Oh,2.5180201929240815,206.181782477265
Skeledirge,2.512992255805156,206.90160028779988
Iron Thorns,2.5019015960298394,208.4982773033879
Orthworm,2.4961808406912245,209.32668218725274
Joltik,2.4861705324253567,210.7841704815834
Spearow,2.4848446811730884,210.97797229345355
Clodsire,2.484386428378995,211.04499727027363
Mega Rayquaza,2.4794717522059426,211.7651678454028
Kingambit,2.473927230207888,212.58058322739163
Pidgey,2.461337372887829,214.44381209387834
Magnemite,2.453177942518436,215.6600751521175
Sinistea,2.441183296262199,217.4605592194594
Alolan Exeggutor,2.424889210579344,219.93052405212745
Rabsca,2.410676171905774,222.10792766726613
Haunter,2.4102462173037003,222.17413054060998
Coalossal,2.407636533452448,222.57638392266685
Applin,2.400838115066624,223.6277067575474
Calyrex Ice Rider,2.398039400048508,224.06194799764685
Primal Groudon,2.392508082019819,224.92265435381134
Giratina Altered Forme,2.3866365944596177,225.83991096965613
Dialga,2.3686597290276734,228.67162061403002
Farigiraf,2.36647232480264,229.01859391360077
Diglett,2.355835794631902,230.71331456713784
Nymble,2.353888237861001,231.02497481751107
Rellor,2.353888237861001,231.02497481751107
Ribombee,2.348711463980818,231.8554430099092
Slither Wing,2.3371072069239833,233.72788289278407
Giratina Origin Forme,2.336767212331398,233.7829711675459
Zygarde Complete Forme,2.3311609952207335,234.6932036726597
Iron Hands,2.3201237450654566,236.4955954231725
Mega Steelix,2.313083586642622,237.6524826608908
Chien-Pao,2.3123044135930457,237.78086906100575
Mimikyu,2.3065250146244742,238.7353235476007
Palkia Origin Forme,2.298951378721675,239.99189448488707
Weedle,2.2814779934473557,242.91626063985618
Zacian Crowned Sword,2.2803177419949323,243.11169855264956
Dragonite,2.2778539264756485,243.52723622152442
Zamazenta Crowned Shield,2.27220212363917,244.48313292282106
Lapras,2.2546505781409025,247.47563304316483
Guzzlord,2.249770305252607,248.31419812292276
Stakataka,2.2170475194540673,254.01074745043283
Celesteela,2.212010966860993,254.89906700854945
Gyarados,2.1810799757334527,260.42303863510665
Roaring Moon,2.1752485043514667,261.4778165581278
Great Tusk,2.112623784183215,273.07803493890253
Walking Wake,2.0961838378899356,276.20763926000217
Cutiefly,2.094868277866604,276.4596214472986
Bloodmoon Ursaluna,2.083821424912703,278.5846243184069
Cetitan,2.0784906653454684,279.6158988808108
Baxcalibur,2.0592432438027486,283.37133282270594
Steelix,2.0298578170327493,289.2023434257071
Sinistcha,2.0275560584604206,289.6641217392203
Pecharunt,2.019381430367382,291.31008128026576
Koraidon,2.0165743611523395,291.8774386117974
Dialga Origin Forme,2.000668957369624,295.11312846884664
Eternatus,1.9595410532259054,303.6471874909666
Gimmighoul Roaming Form,1.9504453943905553,305.56761818435245
Shroodle,1.9250609497593933,310.99170707362504
Miraidon,1.8859658801722943,319.53438321495025
Onix,1.878007735875009,321.3018580460083
Ting-Lu,1.842972114739349,329.2001389923079
Poltchageist,1.8016325139047837,338.76962997448425
Gouging Fire,1.7377363506499737,354.11076659894684
Raging Bolt,1.6227690572660631,383.48442969689194
